"id","name","birthdate","email"
11,"Latrina","2024-10-27","ldarragha@issuu.com"
12,"Jilli","2024-05-18","jwhyleyb@abc.net.au"
13,"Barn","2024-03-21","bdunmuirc@gov.uk"
14,"Vince","2024-03-09","vtriggled@shinystat.com"
15,"Archibald","2024-12-20","asydere@uol.com.br"
16,"Brucie","2025-01-13","bhamelf@lycos.com"
17,"Larina","2024-12-20","leiversg@scientificamerican.com"
18,"Layne","2024-12-25","lterrenh@nasa.gov"
19,"Jolie","2025-01-22","jscowcrafti@mashable.com"
20,"Melloney","2024-07-11","mbyartj@wisc.edu"
21,"Stearne","2024-12-14","scaddiek@gravatar.com"
22,"Gregor","2024-10-22","gdagnalll@netlog.com"
23,"Brynna","2024-08-27","bkinsmanm@indiatimes.com"
24,"Thaddeus","2024-11-26","tdetloffn@unblog.fr"
25,"Abbot","2024-12-30","alloydwilliamso@admin.ch"
26,"Hewitt","2024-03-29","hjimmisonp@cmu.edu"
27,"Carolann","2024-05-06","cshillingtonq@google.ca"
28,"Trevor","2024-02-14","tgierokr@harvard.edu"
29,"Claus","2024-06-08","cgockelers@house.gov"
30,"Kanya","2024-12-24","kbarajat@squidoo.com"
31,"Saxe","2024-08-30","scowapu@quantcast.com"
32,"Dulcie","2024-03-13","dadriaanv@shinystat.com"
33,"Weston","2025-01-03","wfosbraeyw@wufoo.com"
34,"Martynne","2024-03-01","mkeymex@mac.com"
35,"Doloritas","2024-11-01","delfesy@unicef.org"
36,"Brent","2024-10-15","bingoldz@dell.com"
37,"Gram","2024-09-27","gcroan10@opera.com"
38,"Nicolais","2024-10-15","nhamon11@clickbank.net"
39,"Midge","2024-12-02","mshortcliffe12@hc360.com"
40,"Robb","2024-05-21","rfivey13@ftc.gov"
41,"Humbert","2024-02-12","hshawyer14@dmoz.org"
42,"Liz","2024-11-25","lmalec15@prweb.com"
43,"Gardiner","2024-08-26","gwigan16@nbcnews.com"
44,"Muhammad","2025-01-08","mkleinerman17@imageshack.us"
45,"Berkie","2024-01-30","brablan18@soup.io"
46,"Gardner","2024-01-26","gpinare19@home.pl"
47,"Nikolai","2024-12-18","nmunkton1a@squarespace.com"
48,"Dinny","2024-12-23","dchastey1b@va.gov"
49,"Ella","2024-10-07","efinkle1c@plala.or.jp"
50,"Jyoti","2024-03-09","jgaze1d@printfriendly.com"
1,"Ahmet","2021-01-01","ahmet@ahmet.com"
2,"Mehmet","2022-01-01","mehmet@mehmet.com"
3,"Cumali","2023-01-01","cumali@cumali.com"
4,"ZÄ±nar","2024-01-01","zinar@zinar.com"
5,"Ferhat","2025-01-01","ferhat@ferhat.com"
